{
  "controller/View1.controller.js": 1681558451683,
  "utils/locate-reuse-libs.js": 1681558451667,
  "manifest.json": 1681572521710,
  "model/models.js": 1681558451671,
  "i18n/i18n.properties": 1681558470643,
  "controller/App.controller.js": 1681558451675,
  "Component.js": 1681558451659,
  "Component-preload.js": 1681572521903,
  "Component-dbg.js": 1681558451659,
  "model/models-dbg.js": 1681558451671,
  "controller/View1-dbg.controller.js": 1681558451683,
  "controller/App-dbg.controller.js": 1681558451675,
  "utils/locate-reuse-libs-dbg.js": 1681558451667,
  "view/View1.view.xml": 1681558451679,
  "view/App.view.xml": 1681558451675,
  "css/style.css": 1681558451675,
  "index.html": 1681558451659
}